apple,beef
apple,beef,beer
apple,beef,beer,chicken
apple,beef,beer,egg,rice
apple,beef,beer,onion
apple,beef,beer,porridge
apple,beef,beer,porridge,steak
apple,beef,beer,steak
apple,beef,bread,rice,spaghetti
apple,beef,burger
apple,beef,burger,cheese,pear
apple,beef,burger,steak
apple,beef,cereal,cheese
apple,beef,cereal,cheese,fish
apple,beef,cheese,cucumber,pear
apple,beef,cheese,egg,fish
apple,beef,cheese,porridge,sausage
apple,beef,chicken,flour,rice
apple,beef,chicken,orange,rice
apple,beef,chicken,rice,sausage
apple,beef,cucumber
apple,beef,onion,sausage,spaghetti
apple,beer
apple,beer
apple,beer,bread,cereal,orange
apple,beer,bread,chicken,steak
apple,beer,bread,pear
apple,beer,bread,pear,steak
apple,beer,burger
apple,beer,burger,cheese,onion
apple,beer,burger,egg,onion
apple,beer,cereal
apple,beer,cheese
apple,beer,cheese,egg
apple,beer,cheese,spaghetti
apple,beer,chicken
apple,beer,chicken,orange,steak
apple,beer,cucumber,fish,onion
apple,beer,cucumber,onion,steak
apple,beer,cucumber,pear,spaghetti
apple,beer,fish,onion
apple,beer,fish,rice,steak
apple,beer,flour
apple,beer,flour
apple,beer,flour,sausage,steak
apple,beer,onion,orange
apple,beer,orange,pear
apple,bread
apple,bread
apple,bread
apple,bread,burger,fish,orange
apple,bread,burger,fish,sausage
apple,bread,cereal
apple,bread,cereal,porridge
apple,bread,cheese,pear
apple,bread,chicken,pear,porridge
apple,bread,chicken,porridge,rice
apple,bread,cucumber,sausage
apple,bread,fish,onion,orange
apple,bread,fish,pear,steak
apple,bread,fish,steak
apple,bread,onion,sausage
apple,bread,orange,pear,spaghetti
apple,bread,pear
apple,bread,spaghetti
apple,burger
apple,burger
apple,burger
apple,burger,cereal,orange,pear
apple,burger,cereal,orange,spaghetti
apple,burger,cheese,egg,spaghetti
apple,burger,chicken,onion,porridge
apple,burger,cucumber,onion
apple,burger,fish,rice,steak
apple,burger,fish,spaghetti
apple,burger,flour
apple,burger,flour,steak
apple,burger,porridge
apple,burger,rice
apple,burger,rice,steak
apple,burger,steak
apple,cereal
apple,cereal
apple,cereal,cheese
apple,cereal,cheese,chicken
apple,cereal,cheese,chicken,steak
apple,cereal,cheese,chicken,steak
apple,cereal,cheese,fish,pear
apple,cereal,cheese,sausage
apple,cereal,chicken,flour
apple,cereal,chicken,pear,spaghetti
apple,cereal,chicken,rice
apple,cereal,cucumber,fish
apple,cereal,cucumber,orange,pear
apple,cereal,egg
apple,cereal,egg,pear,rice
apple,cereal,fish
apple,cereal,fish,porridge,spaghetti
apple,cereal,flour,pear,steak
apple,cereal,orange,porridge,spaghetti
apple,cereal,orange,rice
apple,cereal,orange,steak
apple,cereal,pear
apple,cereal,pear,rice
apple,cereal,sausage
apple,cereal,spaghetti
apple,cheese,chicken,pear,sausage
apple,cheese,chicken,pear,sausage
apple,cheese,cucumber,rice
apple,cheese,egg,pear
apple,cheese,egg,spaghetti,steak
apple,cheese,fish,pear,steak
apple,cheese,fish,porridge,rice
apple,cheese,fish,sausage,steak
apple,cheese,flour,orange,sausage
apple,cheese,onion,sausage,spaghetti
apple,cheese,porridge,spaghetti
apple,chicken,cucumber,egg
apple,chicken,cucumber,egg,pear
apple,chicken,cucumber,sausage,steak
apple,chicken,flour,onion,rice
apple,chicken,flour,porridge,steak
apple,chicken,flour,sausage
apple,chicken,orange,pear,sausage
apple,chicken,rice,sausage
apple,chicken,spaghetti
apple,chicken,spaghetti
apple,cucumber,orange,pear,sausage
apple,cucumber,orange,pear,steak
apple,cucumber,pear,sausage
apple,cucumber,porridge
apple,cucumber,rice
apple,cucumber,sausage
apple,cucumber,sausage,spaghetti,steak
apple,egg
apple,egg,fish,orange,steak
apple,egg,fish,pear
apple,egg,fish,porridge,steak
apple,egg,flour
apple,egg,flour,spaghetti,steak
apple,egg,onion,pear,steak
apple,egg,orange,rice,sausage
apple,egg,rice
apple,egg,sausage,spaghetti
apple,fish
apple,fish,pear
apple,fish,porridge
apple,fish,rice,sausage
apple,flour
apple,flour
apple,flour,onion,rice
apple,flour,pear,steak
apple,flour,porridge,steak
apple,onion,pear,porridge,rice
apple,orange
apple,orange
apple,orange,pear
apple,orange,sausage,spaghetti
apple,pear,rice
apple,pear,steak
apple,porridge,rice,spaghetti
apple,rice
apple,spaghetti,steak
apple,spaghetti,steak
apple,spaghetti,steak
beef,beer
beef,beer
beef,beer,bread
beef,beer,burger,onion,sausage
beef,beer,burger,pear
beef,beer,burger,porridge,steak
beef,beer,cereal
beef,beer,cereal,chicken,sausage
beef,beer,cereal,cucumber,flour
beef,beer,cereal,egg,pear
beef,beer,cereal,fish,pear
beef,beer,cheese,cucumber
beef,beer,cheese,fish,spaghetti
beef,beer,cheese,flour,rice
beef,beer,cheese,onion
beef,beer,cheese,porridge,steak
beef,beer,cheese,sausage,steak
beef,beer,chicken,cucumber,pear
beef,beer,chicken,egg,spaghetti
beef,beer,chicken,pear,sausage
beef,beer,cucumber,fish,onion
beef,beer,cucumber,onion,porridge
beef,beer,egg
beef,beer,egg,orange
beef,beer,egg,orange,porridge
beef,beer,flour
beef,beer,pear,sausage
beef,beer,porridge
beef,beer,porridge,sausage,steak
beef,beer,sausage,spaghetti
beef,bread
beef,bread,burger,flour
beef,bread,cereal,pear
beef,bread,cheese,egg
beef,bread,cheese,flour,porridge
beef,bread,chicken,flour,rice
beef,bread,chicken,pear
beef,bread,chicken,spaghetti
beef,bread,cucumber,orange,steak
beef,bread,cucumber,spaghetti
beef,bread,cucumber,steak
beef,bread,egg,orange
beef,bread,fish,flour,orange
beef,bread,flour
beef,bread,flour,sausage,spaghetti
beef,bread,onion,orange,rice
beef,bread,orange,pear
beef,bread,pear,spaghetti
beef,burger
beef,burger,cereal,cheese,sausage
beef,burger,cereal,chicken,flour
beef,burger,cereal,orange,steak
beef,burger,cheese,chicken,egg
beef,burger,cheese,pear,steak
beef,burger,chicken,egg
beef,burger,chicken,orange,steak
beef,burger,chicken,pear,spaghetti
beef,burger,egg
beef,burger,flour,orange
beef,burger,orange,steak
beef,burger,rice,sausage
beef,burger,sausage
beef,burger,spaghetti,steak
beef,cereal,cheese,cucumber,fish
beef,cereal,chicken
beef,cereal,chicken,egg,flour
beef,cereal,chicken,egg,orange
beef,cereal,chicken,rice
beef,cereal,chicken,sausage,spaghetti
beef,cereal,cucumber,egg,spaghetti
beef,cereal,cucumber,pear
beef,cereal,cucumber,sausage,steak
beef,cereal,egg,fish,porridge
beef,cereal,flour,pear
beef,cereal,onion
beef,cereal,onion,pear
beef,cereal,pear,sausage
beef,cereal,rice,sausage
beef,cheese
beef,cheese
beef,cheese,chicken,fish,rice
beef,cheese,chicken,fish,rice
beef,cheese,cucumber,flour
beef,cheese,flour,spaghetti
beef,cheese,onion,pear
beef,cheese,pear
beef,cheese,steak
beef,chicken
beef,chicken
beef,chicken
beef,chicken,cucumber,flour,spaghetti
beef,chicken,cucumber,flour,spaghetti
beef,chicken,egg
beef,chicken,fish,flour,rice
beef,chicken,flour,onion,sausage
beef,chicken,orange,rice,spaghetti
beef,chicken,pear,porridge
beef,chicken,porridge
beef,cucumber,egg,sausage
beef,cucumber,fish,porridge,spaghetti
beef,cucumber,flour,porridge,steak
beef,cucumber,onion,orange
beef,cucumber,onion,rice
beef,cucumber,onion,spaghetti
beef,cucumber,onion,spaghetti
beef,cucumber,porridge,sausage
beef,cucumber,rice
beef,cucumber,sausage,spaghetti
beef,egg
beef,egg
beef,egg,fish,porridge,spaghetti
beef,egg,onion,orange
beef,egg,onion,pear
beef,egg,orange
beef,egg,pear,sausage,steak
beef,egg,porridge
beef,egg,rice
beef,fish
beef,fish
beef,fish
beef,fish,flour,orange,pear
beef,fish,flour,pear,spaghetti
beef,fish,flour,sausage,spaghetti
beef,fish,pear
beef,fish,porridge
beef,fish,sausage
beef,flour
beef,flour
beef,flour
beef,flour,onion,spaghetti
beef,flour,onion,steak
beef,flour,steak
beef,onion
beef,onion
beef,onion
beef,onion,pear
beef,onion,porridge,sausage,spaghetti
beef,onion,sausage
beef,orange
beef,orange,sausage,spaghetti
beef,orange,sausage,steak
beef,pear,spaghetti
beef,pear,spaghetti,steak
beef,pear,steak
beef,porridge,steak
beef,rice,sausage
beef,rice,sausage
beef,rice,steak
beef,sausage
beef,sausage,spaghetti
beef,spaghetti
beef,spaghetti
beer,bread
beer,bread,burger,chicken,sausage
beer,bread,burger,egg,orange
beer,bread,burger,fish,steak
beer,bread,burger,flour
beer,bread,cereal,chicken,orange
beer,bread,cereal,chicken,spaghetti
beer,bread,cheese,chicken
beer,bread,cheese,chicken,cucumber
beer,bread,cheese,fish,porridge
beer,bread,cheese,pear,porridge
beer,bread,cheese,rice,sausage
beer,bread,chicken,egg
beer,bread,chicken,porridge,rice
beer,bread,chicken,steak
beer,bread,egg,steak
beer,bread,fish,porridge
beer,bread,flour,spaghetti
beer,bread,onion,orange,porridge
beer,bread,onion,porridge,sausage
beer,bread,orange
beer,bread,orange,pear
beer,bread,porridge,steak
beer,bread,steak
beer,burger
beer,burger,cereal,cheese
beer,burger,cereal,chicken
beer,burger,cereal,egg,orange
beer,burger,cereal,orange
beer,burger,cheese,fish,orange
beer,burger,chicken,orange
beer,burger,cucumber
beer,burger,cucumber,fish,rice
beer,burger,egg
beer,burger,egg,flour,pear
beer,burger,egg,flour,porridge
beer,burger,fish,flour,porridge
beer,burger,flour,rice,spaghetti
beer,burger,pear
beer,burger,pear
beer,burger,sausage,steak
beer,cereal
beer,cereal,cheese
beer,cereal,egg,fish,spaghetti
beer,cereal,egg,flour
beer,cereal,fish
beer,cereal,fish,flour
beer,cereal,fish,flour
beer,cereal,fish,rice,spaghetti
beer,cereal,onion,porridge,sausage
beer,cereal,pear
beer,cereal,pear,porridge,sausage
beer,cereal,porridge,rice,sausage
beer,cereal,rice,steak
beer,cheese
beer,cheese
beer,cheese,chicken
beer,cheese,chicken,flour,spaghetti
beer,cheese,chicken,orange,spaghetti
beer,cheese,chicken,porridge,rice
beer,cheese,chicken,sausage,spaghetti
beer,cheese,chicken,steak
beer,cheese,cucumber,fish,porridge
beer,cheese,egg
beer,cheese,egg,fish,pear
beer,cheese,egg,onion,sausage
beer,cheese,fish,porridge
beer,cheese,flour
beer,cheese,flour,steak
beer,cheese,onion
beer,cheese,onion,orange,sausage
beer,cheese,pear,steak
beer,cheese,steak
beer,chicken
beer,chicken,cucumber,egg
beer,chicken,cucumber,orange,sausage
beer,chicken,cucumber,sausage,steak
beer,chicken,egg,spaghetti
beer,chicken,flour,steak
beer,chicken,sausage
beer,chicken,spaghetti
beer,cucumber,egg,spaghetti,steak
beer,cucumber,fish,pear,rice
beer,cucumber,onion,steak
beer,cucumber,orange,pear,spaghetti
beer,cucumber,orange,sausage
beer,cucumber,pear
beer,cucumber,rice
beer,cucumber,spaghetti
beer,cucumber,steak
beer,egg
beer,egg
beer,egg,fish,porridge,spaghetti
beer,egg,flour
beer,egg,onion
beer,egg,onion,orange
beer,egg,onion,porridge
beer,egg,steak
beer,fish
beer,fish
beer,fish,flour,rice
beer,fish,onion
beer,fish,orange,porridge,rice
beer,fish,orange,steak
beer,fish,pear,spaghetti
beer,fish,pear,steak
beer,fish,spaghetti
beer,fish,spaghetti,steak
beer,fish,steak
beer,flour,onion
beer,flour,sausage,steak
beer,flour,spaghetti
beer,orange
beer,orange,pear,sausage,steak
beer,orange,porridge,rice
beer,orange,rice
beer,orange,steak
beer,pear
beer,pear,steak
beer,porridge
beer,porridge,rice
beer,spaghetti
beer,steak
bread,burger
bread,burger
bread,burger,cereal,cucumber,rice
bread,burger,cereal,egg,fish
bread,burger,cheese,flour,sausage
bread,burger,chicken,cucumber,pear
bread,burger,chicken,spaghetti
bread,burger,cucumber
bread,burger,cucumber
bread,burger,cucumber,orange
bread,burger,egg,porridge
bread,burger,fish,pear
bread,burger,fish,porridge
bread,burger,flour
bread,burger,flour,onion,steak
bread,burger,flour,pear
bread,burger,flour,rice
bread,burger,onion,porridge,sausage
bread,burger,onion,sausage,spaghetti
bread,burger,onion,steak
bread,burger,pear,spaghetti
bread,cereal,cheese,egg,fish
bread,cereal,cheese,fish,flour
bread,cereal,cheese,sausage
bread,cereal,chicken,onion
bread,cereal,chicken,spaghetti
bread,cereal,cucumber,fish,rice
bread,cereal,cucumber,rice
bread,cereal,egg,fish,porridge
bread,cereal,egg,rice
bread,cereal,flour,onion,steak
bread,cereal,onion
bread,cereal,onion,orange,pear
bread,cereal,onion,orange,porridge
bread,cereal,onion,porridge,steak
bread,cereal,onion,spaghetti
bread,cereal,orange,sausage,spaghetti
bread,cereal,pear,spaghetti
bread,cereal,pear,spaghetti,steak
bread,cereal,porridge,sausage
bread,cereal,porridge,sausage,spaghetti
bread,cheese
bread,cheese,chicken
bread,cheese,chicken,orange
bread,cheese,cucumber,porridge,sausage
bread,cheese,fish,orange,steak
bread,cheese,onion,pear,porridge
bread,cheese,onion,porridge,rice
bread,cheese,orange,porridge
bread,cheese,pear,porridge
bread,cheese,pear,sausage
bread,cheese,rice,spaghetti
bread,chicken
bread,chicken
bread,chicken
bread,chicken,egg,flour,steak
bread,chicken,egg,onion,orange
bread,chicken,fish,rice
bread,chicken,fish,sausage
bread,chicken,flour,orange,rice
bread,chicken,onion
bread,chicken,sausage
bread,cucumber,fish
bread,cucumber,fish
bread,cucumber,fish,sausage,steak
bread,cucumber,flour,onion,sausage
bread,cucumber,onion,rice
bread,cucumber,pear,sausage
bread,egg,flour,orange
bread,egg,orange,pear
bread,egg,orange,porridge,steak
bread,egg,orange,sausage
bread,fish
bread,fish,flour
bread,fish,flour,rice
bread,fish,flour,sausage
bread,fish,pear,porridge
bread,fish,sausage
bread,flour
bread,flour
bread,flour
bread,flour,onion
bread,flour,pear,porridge
bread,flour,pear,steak
bread,flour,porridge
bread,flour,rice
bread,flour,rice,sausage
bread,flour,sausage
bread,flour,sausage
bread,flour,spaghetti
bread,flour,steak
bread,onion,sausage,spaghetti
bread,onion,spaghetti
bread,onion,spaghetti
bread,orange
bread,orange
bread,orange,rice
bread,orange,rice
bread,pear
bread,pear
bread,pear,porridge
bread,porridge
bread,porridge,spaghetti
bread,sausage,steak
bread,spaghetti
bread,steak
bread,steak
bread,steak
bread,steak
burger,cereal
burger,cereal
burger,cereal,cheese,chicken,cucumber
burger,cereal,cheese,pear
burger,cereal,chicken,egg
burger,cereal,chicken,porridge
burger,cereal,cucumber,orange,spaghetti
burger,cereal,egg
burger,cereal,egg,orange
burger,cereal,egg,orange,spaghetti
burger,cereal,egg,porridge
burger,cereal,egg,porridge,steak
burger,cereal,flour
burger,cereal,flour,rice,sausage
burger,cereal,onion,porridge,spaghetti
burger,cereal,orange,porridge
burger,cereal,orange,rice,spaghetti
burger,cereal,pear,steak
burger,cereal,steak
burger,cheese
burger,cheese
burger,cheese
burger,cheese,chicken,flour,steak
burger,cheese,chicken,porridge,steak
burger,cheese,egg,porridge,steak
burger,cheese,fish,onion
burger,cheese,fish,orange,spaghetti
burger,cheese,flour,steak
burger,cheese,onion
burger,cheese,orange
burger,cheese,orange,sausage,spaghetti
burger,cheese,pear,porridge,sausage
burger,cheese,pear,sausage,steak
burger,chicken
burger,chicken
burger,chicken
burger,chicken
burger,chicken,cucumber,spaghetti
burger,chicken,egg
burger,chicken,egg,steak
burger,chicken,fish
burger,chicken,fish,steak
burger,chicken,flour,rice,spaghetti
burger,chicken,flour,sausage,spaghetti
burger,chicken,onion,pear,rice
burger,chicken,pear,rice,sausage
burger,chicken,pear,spaghetti,steak
burger,chicken,rice,spaghetti
burger,chicken,spaghetti
burger,chicken,steak
burger,cucumber
burger,cucumber,fish,orange
burger,cucumber,flour,sausage,spaghetti
burger,cucumber,rice
burger,egg
burger,egg,fish
burger,egg,flour
burger,egg,flour,pear
burger,egg,flour,pear,porridge
burger,egg,flour,porridge,rice
burger,egg,flour,rice
burger,egg,orange,sausage,spaghetti
burger,fish
burger,fish
burger,fish,onion,pear,rice
burger,fish,onion,pear,spaghetti
burger,fish,onion,porridge,steak
burger,fish,orange,porridge
burger,flour
burger,flour,onion,sausage
burger,flour,pear,steak
burger,onion,pear
burger,onion,rice
burger,onion,rice
burger,onion,spaghetti
burger,orange,rice,spaghetti
burger,orange,sausage
burger,orange,sausage
burger,pear
burger,pear
burger,pear,sausage,spaghetti
burger,porridge
burger,porridge,spaghetti
burger,rice
burger,rice,spaghetti,steak
burger,sausage
burger,spaghetti
burger,spaghetti
burger,steak
cereal,cheese
cereal,cheese
cereal,cheese
cereal,cheese,chicken,cucumber,rice
cereal,cheese,chicken,onion,rice
cereal,cheese,chicken,porridge
cereal,cheese,chicken,porridge,spaghetti
cereal,cheese,cucumber,onion
cereal,cheese,egg,fish,flour
cereal,cheese,fish,flour
cereal,cheese,fish,sausage
cereal,cheese,onion,sausage
cereal,cheese,pear
cereal,cheese,pear
cereal,cheese,porridge
cereal,cheese,porridge,sausage
cereal,cheese,rice,sausage
cereal,cheese,steak
cereal,chicken
cereal,chicken,cucumber,flour,pear
cereal,chicken,cucumber,onion
cereal,chicken,egg,rice,sausage
cereal,chicken,flour,pear,porridge
cereal,chicken,orange,rice
cereal,chicken,pear,sausage
cereal,chicken,pear,steak
cereal,chicken,spaghetti
cereal,chicken,steak
cereal,cucumber,egg,fish,porridge
cereal,cucumber,fish,flour,pear
cereal,cucumber,fish,flour,sausage
cereal,cucumber,flour
cereal,cucumber,flour,orange,porridge
cereal,cucumber,orange
cereal,cucumber,porridge,rice,sausage
cereal,cucumber,rice
cereal,cucumber,spaghetti
cereal,egg,fish,orange,porridge
cereal,egg,fish,sausage
cereal,egg,flour,onion,spaghetti
cereal,egg,onion,steak
cereal,egg,orange,porridge
cereal,egg,pear,spaghetti
cereal,egg,rice
cereal,fish
cereal,fish
cereal,fish
cereal,fish,orange,sausage
cereal,flour
cereal,flour
cereal,flour,onion,sausage,steak
cereal,flour,porridge
cereal,onion
cereal,onion
cereal,orange
cereal,orange,porridge
cereal,orange,rice
cereal,porridge
cereal,porridge,rice,sausage,steak
cereal,porridge,sausage,steak
cereal,porridge,spaghetti
cereal,rice
cereal,rice,sausage
cereal,rice,sausage,spaghetti
cereal,sausage
cereal,sausage
cereal,spaghetti
cereal,spaghetti
cheese,chicken
cheese,chicken,cucumber,pear,steak
cheese,chicken,cucumber,rice,steak
cheese,chicken,egg
cheese,chicken,egg,pear
cheese,chicken,fish,flour
cheese,chicken,fish,flour,spaghetti
cheese,chicken,fish,orange,rice
cheese,chicken,fish,rice,steak
cheese,chicken,flour,pear,spaghetti
cheese,chicken,onion,pear
cheese,chicken,onion,pear,porridge
cheese,chicken,onion,pear,steak
cheese,chicken,pear,steak
cheese,chicken,porridge,rice,sausage
cheese,cucumber
cheese,cucumber,egg,rice,steak
cheese,cucumber,fish,onion,pear
cheese,cucumber,flour,onion,spaghetti
cheese,cucumber,flour,orange
cheese,cucumber,flour,rice
cheese,cucumber,onion,porridge,rice
cheese,cucumber,orange,steak
cheese,cucumber,rice
cheese,cucumber,rice,sausage
cheese,egg
cheese,egg,fish,flour
cheese,egg,fish,flour,porridge
cheese,egg,fish,rice,spaghetti
cheese,egg,flour,porridge,spaghetti
cheese,egg,flour,rice,spaghetti
cheese,egg,onion
cheese,fish,flour,rice
cheese,fish,onion,porridge
cheese,fish,onion,porridge,spaghetti
cheese,fish,onion,porridge,steak
cheese,flour,onion,sausage
cheese,flour,orange,pear
cheese,flour,rice
cheese,flour,spaghetti
cheese,onion
cheese,onion,pear
cheese,onion,pear
cheese,onion,pear,sausage
cheese,onion,rice
cheese,orange
cheese,orange,pear,porridge,sausage
cheese,orange,porridge,rice
cheese,pear
cheese,pear
cheese,porridge,steak
cheese,rice
cheese,rice
cheese,rice
cheese,rice
cheese,rice,sausage
cheese,sausage
cheese,sausage
cheese,sausage,steak
cheese,spaghetti
cheese,spaghetti
cheese,spaghetti
cheese,spaghetti
cheese,spaghetti,steak
cheese,steak
chicken,cucumber,egg,fish,spaghetti
chicken,cucumber,orange,rice,sausage
chicken,cucumber,pear
chicken,egg
chicken,egg,fish
chicken,egg,fish,onion,steak
chicken,egg,flour
chicken,egg,flour,orange,rice
chicken,egg,orange
chicken,egg,orange,pear
chicken,egg,orange,sausage
chicken,egg,orange,spaghetti
chicken,egg,pear,rice
chicken,egg,rice,steak
chicken,egg,sausage
chicken,egg,spaghetti
chicken,egg,steak
chicken,fish
chicken,fish
chicken,fish,flour,orange,sausage
chicken,fish,onion,spaghetti
chicken,fish,orange
chicken,fish,orange,sausage
chicken,fish,porridge
chicken,fish,rice
chicken,fish,sausage
chicken,fish,spaghetti,steak
chicken,flour
chicken,flour
chicken,flour
chicken,flour,pear,porridge,rice
chicken,onion
chicken,onion,pear,porridge
chicken,onion,pear,steak
chicken,onion,porridge
chicken,onion,rice
chicken,onion,spaghetti,steak
chicken,orange
chicken,orange,pear,porridge,rice
chicken,orange,porridge
chicken,orange,sausage
chicken,orange,spaghetti
chicken,orange,steak
chicken,orange,steak
chicken,pear,rice
chicken,pear,spaghetti,steak
chicken,porridge
chicken,porridge
chicken,porridge,rice
chicken,porridge,sausage
chicken,rice,sausage
chicken,rice,sausage
chicken,sausage
chicken,spaghetti,steak
chicken,spaghetti,steak
chicken,steak
cucumber,egg
cucumber,egg,fish,pear
cucumber,egg,flour
cucumber,egg,onion,orange
cucumber,egg,onion,rice
cucumber,egg,onion,steak
cucumber,egg,orange,rice,steak
cucumber,egg,orange,steak
cucumber,egg,pear
cucumber,fish
cucumber,fish,orange,spaghetti
cucumber,fish,orange,spaghetti,steak
cucumber,fish,pear,rice,sausage
cucumber,fish,rice,sausage
cucumber,fish,rice,sausage,spaghetti
cucumber,fish,rice,spaghetti
cucumber,flour
cucumber,flour,onion,porridge,sausage
cucumber,flour,onion,steak
cucumber,flour,pear
cucumber,onion
cucumber,onion
cucumber,onion,orange,pear
cucumber,onion,orange,porridge,steak
cucumber,onion,orange,sausage
cucumber,onion,pear
cucumber,onion,porridge
cucumber,orange
cucumber,orange,pear,sausage
cucumber,pear
cucumber,pear
cucumber,pear
cucumber,pear
cucumber,pear,rice
cucumber,pear,spaghetti,steak
cucumber,porridge
cucumber,porridge
cucumber,porridge,rice
cucumber,rice
cucumber,rice,steak
cucumber,sausage
cucumber,sausage
cucumber,sausage,spaghetti
cucumber,spaghetti
cucumber,spaghetti
cucumber,spaghetti
cucumber,spaghetti
cucumber,spaghetti
egg,fish
egg,fish
egg,fish,flour,spaghetti,steak
egg,fish,onion,rice,sausage
egg,fish,spaghetti
egg,fish,spaghetti
egg,flour
egg,flour,onion,spaghetti,steak
egg,flour,orange,sausage,spaghetti
egg,flour,orange,steak
egg,flour,pear,sausage
egg,onion,sausage,steak
egg,onion,spaghetti,steak
egg,orange
egg,orange
egg,orange
egg,orange,rice,sausage,spaghetti
egg,pear
egg,pear,steak
egg,porridge
egg,porridge
egg,sausage
egg,spaghetti
egg,steak
fish,flour
fish,flour
fish,flour,pear
fish,onion
fish,onion,orange,porridge,rice
fish,onion,orange,rice
fish,onion,porridge
fish,onion,rice
fish,orange,pear,rice
fish,orange,porridge,sausage
fish,pear,rice,sausage
fish,porridge
fish,porridge
fish,porridge,spaghetti
fish,porridge,steak
fish,rice
fish,rice,spaghetti
fish,sausage
fish,sausage,steak
fish,spaghetti
fish,spaghetti
fish,steak
flour,onion
flour,onion,orange
flour,onion,pear,sausage,spaghetti
flour,onion,porridge,sausage,steak
flour,orange,pear
flour,orange,pear,porridge,sausage
flour,orange,pear,rice,steak
flour,orange,porridge
flour,orange,porridge,spaghetti
flour,orange,rice
flour,orange,sausage
flour,orange,sausage
flour,pear
flour,pear
flour,pear,sausage
flour,porridge
flour,porridge,rice,sausage,spaghetti
flour,porridge,steak
flour,rice
flour,rice
flour,rice
flour,rice
flour,sausage
flour,sausage
flour,sausage
flour,steak
onion,orange
onion,orange,porridge
onion,orange,porridge,sausage
onion,orange,porridge,sausage,steak
onion,orange,steak
onion,pear
onion,pear
onion,pear
onion,pear
onion,rice,spaghetti
onion,sausage
onion,sausage,steak
onion,spaghetti
onion,spaghetti
onion,spaghetti,steak
onion,steak
orange,pear
orange,pear,porridge,steak
orange,pear,rice
orange,pear,spaghetti
orange,porridge,rice,sausage
orange,porridge,sausage
orange,rice,spaghetti,steak
orange,sausage
orange,spaghetti
orange,spaghetti
orange,spaghetti
orange,steak
pear,rice
pear,rice
pear,rice
pear,sausage
pear,sausage,steak
pear,spaghetti
pear,spaghetti
pear,spaghetti,steak
pear,steak
pear,steak
porridge,rice,steak
porridge,sausage
porridge,spaghetti
porridge,spaghetti
porridge,steak
porridge,steak
porridge,steak
rice,spaghetti
rice,spaghetti
rice,steak
sausage,spaghetti
sausage,spaghetti
sausage,steak
spaghetti,steak
spaghetti,steak
